,MAE,RMSE,R²
Stacking Regressor,1.0635701984827466,1.4423179778264863,0.9383130860896108
Voting Regressor,1.071663667822948,1.508152375623069,0.9325531835816155
Gradient Boosting,1.1420054696633046,1.5705956434862762,0.926852449560682
AdaBoost,1.227689130359908,1.6139739959109631,0.9227561207186585
Random Forest,1.1871895000000015,1.674789522283323,0.9168252545201784
Bagging,1.1930020153540903,1.6871695601378098,0.9155910549063085
